{
  "event": {
    "event_type": "hazard_onset",
    "severity": "critical",
    "onset": 9,
    "peak": 35,
    "offset": 35,
    "window": [
      0,
      45
    ],
    "scenario_id": "s000",
    "causal_agent_id": 0,
    "metadata": {
      "min_ttc": 0.04934044927358627,
      "ttc_threshold": 3.0
    }
  },
  "timesteps": [
    4,
    7,
    9,
    10,
    13,
    16,
    19,
    22,
    25,
    28,
    31,
    34,
    35,
    37,
    40
  ],
  "methods": {
    "vanilla_gradient": {
      "category_series": {
        "sdc_trajectory": [
          0.08044642955064774,
          0.06612996757030487,
          0.09351515769958496,
          0.06434354186058044,
          0.08115686476230621,
          0.08393638581037521,
          0.0915345698595047,
          0.0768187865614891,
          0.04756380617618561,
          0.06242374703288078,
          0.04493650048971176,
          0.057671919465065,
          0.05051825940608978,
          0.020651869475841522,
          0.03884020820260048
        ],
        "other_agents": [
          0.05161434784531593,
          0.032657936215400696,
          0.15966735780239105,
          0.1282779723405838,
          0.22590242326259613,
          0.22287710011005402,
          0.13666826486587524,
          0.11629407852888107,
          0.08992049098014832,
          0.03783268854022026,
          0.04891963303089142,
          0.011827906593680382,
          0.004596461076289415,
          0.004238218069076538,
          0.0019940403290092945
        ],
        "roadgraph": [
          0.5312215089797974,
          0.6009007692337036,
          0.5162148475646973,
          0.5776429772377014,
          0.46899062395095825,
          0.490294486284256,
          0.6011724472045898,
          0.6120544672012329,
          0.6168395280838013,
          0.6603907346725464,
          0.7171270847320557,
          0.6561894416809082,
          0.7601370811462402,
          0.8538580536842346,
          0.6399646401405334
        ],
        "traffic_lights": [
          0.0,
          0.0,
          0.0,
          0.0,
          0.0,
          0.0,
          0.0,
          0.0,
          0.0,
          0.0,
          0.0,
          0.0,
          0.0,
          0.0,
          0.0
        ],
        "gps_path": [
          0.33671772480010986,
          0.30031123757362366,
          0.2306026816368103,
          0.2297355830669403,
          0.2239500880241394,
          0.2028919756412506,
          0.17062483727931976,
          0.19483280181884766,
          0.24567610025405884,
          0.23935291171073914,
          0.18901671469211578,
          0.27431073784828186,
          0.18474818766117096,
          0.1212519183754921,
          0.31920138001441956
        ]
      },
      "entity_series": {
        "agent_0": [
          4.3655745685100555e-05,
          1.172599013443687e-06,
          0.15806470811367035,
          0.12738338112831116,
          0.22383108735084534,
          0.218560591340065,
          0.10843487083911896,
          0.09169977158308029,
          0.051847442984580994,
          0.03555621951818466,
          0.0440998300909996,
          0.008486076258122921,
          0.003273762995377183,
          0.0005627915379591286,
          0.00013700009731110185
        ],
        "agent_1": [
          0.05087776482105255,
          0.03125768154859543,
          3.0330505751408054e-07,
          0.0004275715909898281,
          0.0007432195707224309,
          0.0022594179026782513,
          0.0017150111962109804,
          0.02193528041243553,
          0.017888693138957024,
          3.109087629127316e-05,
          0.0011090482585132122,
          0.0002216310240328312,
          0.00014109647599980235,
          0.0001336099812760949,
          3.8069949368946254e-05
        ],
        "agent_2": [
          0.00036983159952796996,
          0.000548232055734843,
          0.0007557982462458313,
          3.4644756397028686e-08,
          1.6292691640273915e-09,
          0.001757074729539454,
          0.0012156693264842033,
          0.0023686697240918875,
          0.010930166579782963,
          0.0020406092517077923,
          0.00022837516735307872,
          0.001499379868619144,
          0.0010084901005029678,
          2.376932712877533e-07,
          1.3641292184729537e-07
        ],
        "agent_3": [
          1.5714724443602335e-12,
          0.0008508521714247763,
          0.0007353026303462684,
          0.00041176757076755166,
          0.0011915715876966715,
          2.159937159684766e-11,
          0.000373493559891358,
          0.00022280569828581065,
          0.004616254009306431,
          0.0002015670615946874,
          0.0018401360139250755,
          0.0013983024982735515,
          0.00013682813732884824,
          0.00101458840072155,
          0.0014542187564074993
        ],
        "agent_4": [
          0.00032306506182067096,
          1.7169577391784596e-13,
          1.4489952748948653e-13,
          3.545891336630136e-14,
          0.00012172595597803593,
          0.0002862160326912999,
          0.014144129119813442,
          4.4156782678328454e-05,
          0.004636818543076515,
          2.617718337205588e-06,
          0.001580683863721788,
          3.5055178159382194e-05,
          2.0235600459272973e-05,
          0.0025152561720460653,
          0.0003639149363152683
        ],
        "agent_5": [
          2.9665326195527086e-08,
          1.5292864197213873e-11,
          0.0001112438621930778,
          4.310284202801995e-05,
          2.6741202839315054e-14,
          8.688863972934613e-15,
          0.001035393332131207,
          6.825881074018665e-15,
          2.6158164523337746e-10,
          5.84197380248952e-07,
          2.8470964025473222e-05,
          0.00018587840895634145,
          1.6048190445872024e-05,
          1.038916343532037e-05,
          5.502096200871165e-07
        ],
        "agent_6": [
          3.988473107341406e-09,
          5.788713258736422e-12,
          7.57971740927843e-11,
          2.4437013176892286e-11,
          1.4824641766608693e-05,
          1.3799958651361521e-05,
          0.007115114480257034,
          3.807644443781799e-16,
          1.8259220524452502e-11,
          2.1314711442108225e-18,
          3.3077627449529245e-05,
          8.126193051793962e-07,
          3.528617300819852e-19,
          3.5122400277032284e-07,
          1.5010449772034917e-07
        ],
        "agent_7": [
          1.2560062989663834e-09,
          6.440750168444642e-13,
          6.023776963348659e-12,
          1.2112436706956942e-05,
          2.1882901740655214e-11,
          5.754632013965644e-12,
          0.0026345662772655487,
          2.3388627596432343e-05,
          1.1141623872390483e-06,
          1.2282609429756707e-20,
          1.1747840922282649e-08,
          7.708735552114376e-07,
          2.3576001966014344e-18,
          9.940905556504731e-07,
          1.1012984124715843e-20
        ]
      },
      "avg_time_ms": 622.1274216969808
    },
    "integrated_gradients": {
      "category_series": {
        "sdc_trajectory": [
          0.028052929788827896,
          0.021956028416752815,
          0.06457271426916122,
          0.07782693207263947,
          0.08951330184936523,
          0.08619385212659836,
          0.07847163081169128,
          0.05983380973339081,
          0.06856881827116013,
          0.05700237676501274,
          0.06462917476892471,
          0.04001301899552345,
          0.03137136623263359,
          0.05220050737261772,
          0.08554517477750778
        ],