{
  "event": {
    "event_type": "evasive_steering",
    "severity": "low",
    "onset": 42,
    "peak": 42,
    "offset": 43,
    "window": [
      32,
      53
    ],
    "scenario_id": "s000",
    "causal_agent_id": 0,
    "metadata": {
      "max_steering": 0.42658698558807373,
      "steering_threshold": 0.3
    }
  },
  "timesteps": [
    37,
    40,
    42,
    43,
    46
  ],
  "methods": {
    "vanilla_gradient": {
      "category_series": {
        "sdc_trajectory": [
          0.020651869475841522,
          0.03884020820260048,
          0.033483050763607025,
          0.05665972828865051,
          0.081058569252491
        ],
        "other_agents": [
          0.004238218069076538,
          0.0019940403290092945,
          0.0046453578397631645,
          0.015897024422883987,
          0.00807896163314581
        ],
        "roadgraph": [
          0.8538580536842346,
          0.6399646401405334,
          0.7625623941421509,
          0.7444493770599365,
          0.5635990500450134
        ],
        "traffic_lights": [
          0.0,
          0.0,
          0.0,
          0.0,
          0.0
        ],
        "gps_path": [
          0.1212519183754921,
          0.31920138001441956,
          0.19930914044380188,
          0.1829937994480133,
          0.3472633957862854
        ]
      },
      "entity_series": {
        "agent_0": [
          0.0005627915379591286,
          0.00013700009731110185,
          0.0002884141867980361,
          0.0003359078837092966,
          5.9623558627208695e-05
        ],
        "agent_1": [
          0.0001336099812760949,
          3.8069949368946254e-05,
          1.174283625005046e-06,
          5.031364253227366e-06,
          0.005639230832457542
        ],
        "agent_2": [
          2.376932712877533e-07,
          1.3641292184729537e-07,
          0.00010370058589614928,
          1.789822590581025e-06,
          8.558795627777727e-08
        ],
        "agent_3": [
          0.00101458840072155,
          0.0014542187564074993,
          0.0008904443820938468,
          0.008321002125740051,
          9.40088362710867e-09
        ],
        "agent_4": [
          0.0025152561720460653,
          0.0003639149363152683,
          0.0033599096350371838,
          0.00439856480807066,
          3.4011193861260836e-07
        ],
        "agent_5": [
          1.038916343532037e-05,
          5.502096200871165e-07,
          3.767187024550367e-07,
          0.0028221209067851305,
          0.002376541029661894
        ],
        "agent_6": [
          3.5122400277032284e-07,
          1.5010449772034917e-07,
          1.1607678516156739e-06,
          9.181626410281751e-06,
          2.5122499209828675e-06
        ],
        "agent_7": [
          9.940905556504731e-07,
          1.1012984124715843e-20,
          1.7719409584060486e-07,
          3.425924205657793e-06,
          6.18906938143482e-07
        ]
      },
      "avg_time_ms": 576.705265045166
    },
    "integrated_gradients": {
      "category_series": {
        "sdc_trajectory": [
          0.05220050737261772,
          0.08554517477750778,
          0.0895712748169899,
          0.10159230977296829,
          0.07262014597654343
        ],
        "other_agents": [
          0.22198189795017242,
          0.28829047083854675,
          0.268220990896225,
          0.3104011118412018,
          0.3543972074985504
        ],
        "roadgraph": [
          0.651603102684021,
          0.5526986718177795,
          0.6043045520782471,
          0.5536762475967407,
          0.5112432837486267
        ],
        "traffic_lights": [
          0.0,
          0.0,
          0.0,
          0.0,
          0.0
        ],
        "gps_path": [
          0.07421446591615677,
          0.07346563041210175,
          0.037903279066085815,
          0.03433040902018547,
          0.061739370226860046
        ]
      },
      "entity_series": {
        "agent_0": [
          0.054519593715667725,
          0.07265758514404297,
          0.08591209352016449,
          0.10760682821273804,
          0.11117846518754959
        ],
        "agent_1": [
          0.07484215497970581,
          0.05464049428701401,
          0.035668086260557175,
          0.07128016650676727,
          0.05681724101305008
        ],
        "agent_2": [
          0.018885917961597443,
          0.02936639077961445,
          0.05418518930673599,
          0.023636136204004288,
          0.07920397818088531
        ],
        "agent_3": [
          0.032934609800577164,
          0.04652589187026024,
          0.056105609983205795,
          0.04041590169072151,
          0.027780629694461823
        ],
        "agent_4": [
          0.026014497503638268,
          0.02668057195842266,
          0.0213528573513031,
          0.02291186712682247,
          0.031186547130346298
        ],
        "agent_5": [
          0.0034573760349303484,
          0.009391582570970058,
          0.008407516404986382,
          0.03533267229795456,
          0.03673263266682625
        ],
        "agent_6": [
          0.009678133763372898,
          0.0027836584486067295,
          0.003779076272621751,
          0.004301437176764011,
          0.006380720995366573
        ],
        "agent_7": [
          0.001649615471251309,
          0.0462443046271801,
          0.002810557372868061,
          0.004916112404316664,
          0.00511701125651598
        ]
      },
      "avg_time_ms": 710.5839729309082
    }
  }
}