{
  "event": {
    "event_type": "evasive_steering",
    "severity": "medium",
    "onset": 71,
    "peak": 72,
    "offset": 72,
    "window": [
      61,
      79
    ],
    "scenario_id": "s001",
    "causal_agent_id": 0,
    "metadata": {
      "max_steering": 0.5739261507987976,
      "steering_threshold": 0.3
    }
  },
  "timesteps": [
    66,
    69,
    71,
    72,
    75
  ],
  "methods": {
    "vanilla_gradient": {
      "category_series": {
        "sdc_trajectory": [
          0.042580582201480865,
          0.02269282005727291,
          0.04527230188250542,
          0.0563507154583931,
          0.01564141735434532
        ],
        "other_agents": [
          0.3063112497329712,
          0.1494397222995758,
          0.28105026483535767,
          0.21252277493476868,
          0.5039154291152954
        ],
        "roadgraph": [
          0.5840101838111877,
          0.7655255198478699,
          0.5622420310974121,
          0.576722264289856,
          0.3998001515865326
        ],
        "traffic_lights": [
          0.00972561351954937,
          0.007767876610159874,
          0.004594607278704643,
          0.005212027579545975,
          0.0013690685154870152
        ],
        "gps_path": [
          0.05737242475152016,
          0.054574016481637955,
          0.10684077441692352,
          0.14919212460517883,
          0.07927399128675461
        ]
      },
      "entity_series": {
        "agent_0": [
          0.26153111457824707,
          0.07045476883649826,
          0.06416918337345123,
          0.03358357399702072,
          0.0008512019412592053
        ],
        "agent_1": [
          0.006356233265250921,
          0.0038006403483450413,
          0.007587390951812267,
          0.008127694018185139,
          0.0007627025479450822
        ],
        "agent_2": [
          0.0006295238854363561,
          0.00013294474047143012,
          9.387007594341412e-05,
          0.0005382257513701916,
          2.700279583223164e-05
        ],
        "agent_3": [
          0.016735751181840897,
          0.007677780464291573,
          0.008273352868855,
          0.0035476484335958958,
          0.0009720568195916712
        ],
        "agent_4": [
          0.00014592416118830442,
          0.0008146206382662058,
          0.00198573456145823,
          0.011883478611707687,
          0.010998956859111786
        ],
        "agent_5": [
          0.0021425788290798664,
          0.0017598529811948538,
          0.0017230527009814978,
          0.0014425930567085743,
          0.028171997517347336
        ],
        "agent_6": [
          0.00012818365939892828,
          0.00011215057747904211,
          0.19712188839912415,
          0.10010188072919846,
          0.46185579895973206
        ],
        "agent_7": [
          0.018641946837306023,
          0.06468697637319565,
          9.579162724548951e-05,
          0.05329768359661102,
          0.0002757611218839884
        ]
      },
      "avg_time_ms": 1976.1613368988037
    },
    "integrated_gradients": {
      "category_series": {
        "sdc_trajectory": [
          0.05167597532272339,
          0.06137461960315704,
          0.05976003035902977,
          0.07227468490600586,
          0.05524485930800438
        ],
        "other_agents": [
          0.32190293073654175,
          0.3014591336250305,
          0.2717309892177582,
          0.20424343645572662,
          0.23585949838161469
        ],
        "roadgraph": [
          0.559650719165802,
          0.5697259902954102,
          0.5932926535606384,
          0.5471404194831848,
          0.5649772882461548
        ],
        "traffic_lights": [
          0.032584697008132935,
          0.030052002519369125,
          0.027758629992604256,
          0.1073349192738533,
          0.07680249214172363
        ],
        "gps_path": [
          0.03418566286563873,
          0.037388212978839874,
          0.04745761677622795,
          0.06900659948587418,
          0.06711579114198685
        ]
      },
      "entity_series": {
        "agent_0": [
          0.1017591804265976,
          0.10502501577138901,
          0.08328305929899216,
          0.041518811136484146,
          0.023044828325510025
        ],
        "agent_1": [
          0.03398962318897247,
          0.04722225293517113,
          0.04842598736286163,
          0.04837866872549057,
          0.029237031936645508
        ],
        "agent_2": [
          0.005618046969175339,
          0.0031715533696115017,
          0.002326993504539132,
          0.004110993817448616,
          0.002542083617299795
        ],
        "agent_3": [
          0.022764435037970543,
          0.01767570711672306,
          0.01841162145137787,
          0.024973273277282715,
          0.009026093408465385
        ],
        "agent_4": [
          0.06825833767652512,
          0.0297890305519104,
          0.007329433690756559,
          0.01326284371316433,
          0.011636155657470226
        ],
        "agent_5": [
          0.02885650098323822,
          0.023700935766100883,
          0.018863722681999207,
          0.01917637139558792,
          0.026356978341937065
        ],
        "agent_6": [
          0.028003759682178497,
          0.017402077093720436,
          0.07326023280620575,
          0.02742859348654747,
          0.11361337453126907
        ],
        "agent_7": [
          0.03265304118394852,
          0.05747257173061371,
          0.019829917699098587,
          0.025393886491656303,
          0.02040296234190464
        ]
      },
      "avg_time_ms": 2448.9043712615967
    }
  }
}