{
  "checkpoint": "cbm_v1_frozen_150GB/checkpoints/model_final.pkl",
  "pretrained_dir": "runs_rlc/womd_sac_road_perceiver_minimal_42",
  "num_scenarios": 50,
  "mode": "frozen",
  "concept_metrics": {
    "ego_speed": {
      "type": "continuous",
      "mae": 0.03625611960887909,
      "r2": 0.9173266887664795,
      "valid_pct": 100.0
    },
    "ego_acceleration": {
      "type": "continuous",
      "mae": 0.10049521178007126,
      "r2": -0.7548375129699707,
      "valid_pct": 100.0
    },
    "dist_nearest_object": {
      "type": "continuous",
      "mae": 0.06860407441854477,
      "r2": -0.1742624044418335,
      "valid_pct": 100.0
    },
    "num_objects_within_10m": {
      "type": "continuous",
      "mae": 0.17975863814353943,
      "r2": 0.050469934940338135,
      "valid_pct": 100.0
    },
    "traffic_light_red": {
      "type": "binary",
      "accuracy": 0.9088235294117647,
      "valid_pct": 68.0
    },
    "dist_to_traffic_light": {
      "type": "continuous",
      "mae": 0.12234725803136826,
      "r2": 0.769045352935791,
      "valid_pct": 68.0
    },
    "heading_deviation": {
      "type": "continuous",
      "mae": 0.04048306867480278,
      "r2": -0.9282379150390625,
      "valid_pct": 100.0
    },
    "progress_along_route": {
      "type": "continuous",
      "mae": 0.034346725791692734,
      "r2": -3.6930809020996094,
      "valid_pct": 100.0
    },
    "ttc_lead_vehicle": {
      "type": "continuous",
      "mae": 0.11449304968118668,
      "r2": -0.36759984493255615,
      "valid_pct": 39.300000000000004
    },
    "lead_vehicle_decelerating": {
      "type": "binary",
      "accuracy": 0.9872611464968153,
      "valid_pct": 39.25
    },
    "at_intersection": {
      "type": "binary",
      "accuracy": 0.9319852941176471,
      "valid_pct": 68.0
    }
  },
  "task_metrics": {
    "ep_return_mean": -1.3799999952316284,
    "ep_return_std": 5.556581974029541,
    "accuracy": 0.9,
    "at_fault_collision": 0.05999999865889549,
    "comfort": 1.0,
    "driving_direction_compliance": 0.026975546032190323,
    "log_divergence": 16.149887084960938,
    "offroad": 0.05999999865889549,
    "on_multiple_lanes": 0.29610276222229004,
    "overlap": 0.05999999865889549,
    "progress_ratio_nuplan": 0.6853196620941162,
    "run_red_light": 0.0,
    "sdc_off_route": 0.0,
    "sdc_progression": 0.9630856513977051,
    "sdc_wrongway": 0.0,
    "speed_limit": 0.050075799226760864,
    "ttc": 5.0
  },
  "baseline_accuracy": 0.97467,
  "baseline_name": "womd_sac_road_perceiver_minimal_42"
}